{
  "generator": {
    "flow": {
      "type": "glow",
      "levels": 5,
      "num_steps": [2, [8, 8], [8, 8], [6, 6], 4],
      "factors": [4, 4, 4],
      "in_channels": 3,
      "hidden_channels": [24, 512, 512, 512, 512],
      "activation": "elu",
      "inverse": true,
      "transform": "affine",
      "prior_transform": "affine",
      "alpha": 1.0,
      "coupling_type": "conv",
      "num_groups": [2, 4, 4, 4, 4]
    }
  },
  "discriminator" : {
    "type": "base"
  },
  "dequantizer": {
    "type": "uniform"
  }
}
