{
  "generator": {
    "flow": {
      "type": "resflow"
    }
  },
  "discriminator" : {
    "type": "gaussian",
    "encoder": {
      "type": "global_resnet_bn",
      "levels": 3,
      "in_planes": 12,
      "hidden_planes": [48, 96, 96],
      "out_planes": 8,
      "activation": "elu"
    },
    "in_dim": 128,
    "dim": 64,
    "prior": {
      "type": "flow",
      "num_steps": 2,
      "in_features": 64,
      "hidden_features": 256,
      "activation": "elu",
      "transform": "affine",
      "alpha": 1.0,
      "coupling_type": "mlp"
    }
  },
  "dequantizer": {
    "type": "uniform"
  }
}
