{
  "generator": {
    "flow": {
      "type": "glow",
      "levels": 6,
      "num_steps": [2, [16, 16], [16, 16], [8, 8], [4, 4], 2],
      "factors": [4, 4, 4, 4],
      "in_channels": 3,
      "hidden_channels": [24, 256, 256, 256, 256, 512],
      "h_channels": 256,
      "h_type": "global_linear",
      "activation": "elu",
      "inverse": true,
      "transform": "affine",
      "prior_transform": "affine",
      "alpha": 1.0,
      "coupling_type": "conv",
      "num_groups": [2, 4, 4, 4, 4, 4]
    }
  },
  "discriminator" : {
    "type": "gaussian",
    "encoder": {
      "type": "global_resnet_bn",
      "levels": 5,
      "in_planes": 3,
      "hidden_planes": [48, 96, 96, 192, 192],
      "out_planes": 32,
      "activation": "elu"
    },
    "in_dim": 512,
    "dim": 256,
    "prior": {
      "type": "flow",
      "num_steps": 2,
      "in_features": 256,
      "hidden_features": 512,
      "activation": "elu",
      "transform": "affine",
      "alpha": 1.0,
      "coupling_type": "mlp"
    }
  },
  "dequantizer": {
    "type": "uniform"
  }
}
