{
  "generator": {
    "flow": {
      "type": "glow",
      "levels": 7,
      "num_steps": [2, [12, 12], [10, 10], [8, 8], [4, 4], [2, 2], 1],
      "factors": [4, 4, 4, 4, 4],
      "in_channels": 3,
      "hidden_channels": [24, 256, 256, 256, 256, 256, 512],
      "activation": "elu",
      "inverse": true,
      "transform": "affine",
      "prior_transform": "affine",
      "alpha": 1.0,
      "coupling_type": "conv",
      "num_groups": [2, 4, 4, 4, 4, 4, 4]
    }
  },
  "discriminator" : {
    "type": "base"
  },
  "dequantizer": {
    "type": "uniform"
  }
}
