{
  "generator": {
    "flow": {
      "type": "macow",
      "levels": 4,
      "num_steps": [2, [6, 6], [4, 4], 4],
      "factors": [4, 4],
      "in_channels": 3,
      "hidden_channels": [24, 512, 512, 512],
      "kernel_size": [2, 3],
      "activation": "elu",
      "inverse": true,
      "transform": "affine",
      "prior_transform": "affine",
      "coupling_type": "conv",
      "num_groups": [2, 4, 4, 4]
    }
  },
  "discriminator" : {
    "type": "base"
  },
  "dequantizer": {
    "type": "flow",
    "encoder": {
      "type": "local_resnet_bn",
      "levels": 2,
      "in_planes": 3,
      "hidden_planes": [48, 96],
      "out_planes": 4,
      "activation": "elu"
    },
    "flow": {
      "type": "macow",
      "levels": 2,
      "num_steps": [2, 4],
      "factors": [],
      "in_channels": 3,
      "hidden_channels": [24, 256],
      "kernel_size": [2, 3],
      "h_channels": 4,
      "h_type": "local_linear",
      "activation": "elu",
      "inverse": false,
      "transform": "affine",
      "prior_transform": "affine",
      "coupling_type": "conv"
    }
  }
}
